序号,对应名称,对应页数,题目数,状态
1,练习一,P4,共05题,已完成
2,练习二,P8 P9 P10,共14题,已完成
3,练习三,P13 P14,共11题,已完成
4,练习四,P17 P18,共10题,待完成
5,练习五,P21 P22 P23,共08题,待完成
6,练习六,P26 P27,共12题,待完成
7,练习七,P30 P31,共12题,已完成
8,练习八,P36 P37 P38,共15题,已完成
9,练习九,P40 P41 P42,共16题,待完成
10,练习十,P43,共06题,待完成
11,练习十一,P47 P48 P49,共11题,已完成
12,练习十二,P55 P56 P57,共13题,完成
13,练习十三,P60 P61,共11题,完成
14,练习十四,P66,共05题,完成
15,练习十五,P70 P71,共13题,完成
16,练习十六,P74 P75,共12题,完成
17,练习十七,P79 P80 P81,共15题,完成
18,练习十八,P82 P83,共09题,完成
19,练习十九,P87 P88,共11题,完成
20,练习二十,P91 P92,共10题,完成
21,练习二十一,P95 P96,共11题,待完成
22,练习二十二,P99 P100 P101,共13题,已完成
23,练习二十三,P102 P103,共09题,已完成
24,练习二十四,P107 P108,共13题,待完成
25,练习二十五,P110 P111 P112 P113 P114 P115,共22题,待完成
