question,answer,机器回答通过与否,原因及正确解答,满意度
计算以下题目得数保留一位小数：1.2*1.4，0.37*8.4，3.14*3.9.计算以下各题得数保留两位小数：0.86*1.6，2.34*0.15，1.05*0.26,计算以下题目得数保留一位小数：1.2*1.4 = 1.7，0.37*8.4 = 3.1，3.14*3.9 = 12.2。计算以下各题得数保留两位小数：0.86*1.6 = 1.38，2.34*0.15 = 0.35，1.05*0.26 = 0.27。,通过,,8
一栋大楼有21层，每层高2.84m。请问这栋大楼高约多少米？（得数保留整数。）,这栋大楼的高度约为 59.64 米（保留整数），即 60 米。,通过,,6
世界上第一台电子计算机很大，他的质量相当于6头5.85t重的大象。请问这台计算机有多重？（得数保留整数。）,这台电子计算机的重量约为 35.1 吨（保留整数）。,未通过,未保留整数，正确答案为35吨,0
请用简便一点的方法计算下面各题：4.8*0.25，0.78*98，0.5*2.33*8，1.5*105，0.3*2.5*0.4，1.2*2.5+0.8*2.5,"可以使用乘法的交换律和结合律简化计算：

4.8 * 0.25 = 1.2
0.78 * 98 = 76.44
0.5 * 2.33 * 8 = 9.32
1.5 * 105 = 157.5
0.3 * 2.5 * 0.4 = 0.3 * 0.4 * 2.5 = 0.12
1.2 * 2.5 + 0.8 * 2.5 = 3 * 2.5 = 7.5",未通过,未展示简便方法，如4.8*0.25=（4+0.8）*0.25=1+0.2+1.2,0
回收1t废纸，可以保护16棵树。回收54.5t废纸可以保护多少棵树？,"根据比例关系，回收54.5吨废纸可以保护的树木数量可以计算如下：

54.5吨废纸 * 16棵树/1吨废纸 = 872棵树

回收54.5吨废纸可以保护872棵树。",通过,,10
小玲的爸爸、妈妈带着她和两名同学去公园游玩。公园成人票每张5元，儿童片每张2.5元，请问他们买门票一共需要多少钱？,"小玲的爸爸、妈妈和她自己是3个成人，加上两名同学共计5个儿童。根据票价，成人票每张5元，儿童票每张2.5元。所以他们买门票一共需要的钱可以计算如下：

成人票：3张 * 5元/张 = 15元
儿童票：5张 * 2.5元/张 = 12.5元

他们买门票一共需要的钱是15元 + 12.5元 = 27.5元。",未通过,票数错误，成人票应为2张，儿童票为3张,0
纯净水每瓶1.3元，一箱纯净水有24瓶。请问买5箱纯净水一共要花多少钱？,"纯净水每瓶1.3元，一箱纯净水有24瓶。所以买5箱纯净水一共要花的钱可以计算如下：

每箱纯净水花费：24瓶 * 1.3元/瓶 = 31.2元

买5箱纯净水一共要花的钱是5箱 * 31.2元/箱 = 156元。

所以买5箱纯净水一共要花156元。",通过,,10
请问以下的计算对吗？不对的话帮我改正过来：50.4*1.9-1.8=50.4*0.1=5.04，3.76*0.25+25.8=0.094+25.8=25.894,"以下是对您的计算进行修正后的结果：

50.4 * 1.9 - 1.8 = 95.76 - 1.8 = 93.96

3.76 * 0.25 + 25.8 = 0.94 + 25.8 = 26.74

所以修正后的计算结果是：

50.4 * 1.9 - 1.8 = 93.96",通过,,8
一个鸡蛋重0.05kg，一个鹅蛋的质量是这个鸡蛋的5.5倍。请问这个鹅蛋有多重？,"一个鸡蛋重0.05kg，那么一个鹅蛋的质量是鸡蛋的5.5倍。

鹅蛋的重量 = 鸡蛋的重量 * 5.5 = 0.05kg * 5.5 = 0.275kg

所以这个鹅蛋的重量是0.275kg。",通过,,10
1公顷松柏林每天分泌杀菌素30kg，请问24.5公顷松柏林31天分泌杀菌素多少千克？,"1公顷松柏林每天分泌杀菌素30kg，那么每天每公顷松柏林分泌杀菌素的量是30kg/1公顷=30kg。

24.5公顷松柏林31天分泌杀菌素的总量 = 每天每公顷分泌杀菌素的量 × 公顷数 × 天数
= 30kg/公顷 × 24.5公顷 × 31天
= 22,545kg

所以24.5公顷松柏林31天分泌杀菌素的总量是22,545千克",未通过,计算错误，正确答案为22785kg,0
计算以下各题，怎样简便就怎样计算：2.02*8.5，1.25+4.6+0.75，1.6*7.5*1.25，56*1.25，3.4*7*1.5，0.8*0.25*0.4*12.5,"2.02 * 8.5 = 17.17

1.25 + 4.6 + 0.75 = 6.6

1.6 * 7.5 * 1.25 = 15

56 * 1.25 = 70

3.4 * 7 * 1.5 = 35.7

0.8 * 0.25 * 0.4 * 12.5 = 0.5",未通过,未展示简便方法，如2.02*8.5=（2+0.02）*8.5=17+0.17=17.17,0
