number,question,answer,机器回答通过与否,原因及正确解答,满意度
1,?5瓶钙片中有1瓶是次品(轻一些)，完成下面找次品的过程。第一瓶和第二瓶 平衡/不平衡轻的是次品，第三瓶和第四瓶 平衡次品是（)/不平衡轻的是次品。至少要称几次？,"根据题目描述，我们可以使用天平来判断哪一瓶是次品。下面是找次品的过程：

1. 将第一瓶和第二瓶放在天平的两边进行称重。
   - 如果平衡，说明第一瓶和第二瓶都是正品，次品在剩下的三瓶中。
   - 如果不平衡，说明轻的那瓶是次品，我们可以确定次品是第一瓶或第二瓶。

2. 对于剩下的三瓶中，将第三瓶和第四瓶放在天平的两边进行称重。
   - 如果平衡，说明次品是剩下的那瓶，即第五瓶。
   - 如果不平衡，说明轻的那瓶是次品，我们可以确定次品是第三瓶或第四瓶。

通过以上步骤，我们可以在最多两次称重的情况下找到次品。",通过,,6
2,"松果店松鼠妈妈问松鼠宝宝：”这9筐里你吃的是哪一筐?“松鼠宝宝回答：”我吃了2个。“（1)如果用天平称,你打算怎样称?你能表示出称的过程吗?（2）用你的方法称几次可以保证找出来?(3）你能称2次就保证把它找出来吗?（4）如果天平两边各放4筐,称一次有可能称出来吗?","（1) 如果用天平称，我会按照以下方式进行称量：
- 首先，将任意两筐放在天平的两边进行称重。
  - 如果平衡，说明被称量的两筐中没有被吃的那筐。
  - 如果不平衡，说明被称量的两筐中的较轻的那筐被吃了。

- 接下来，将被称量的较轻的那筐与剩下的任意一筐放在天平的两边进行称重。
  - 如果平衡，说明被称量的较轻的那筐是被吃的那筐。
  - 如果不平衡，说明被称量的较轻的那筐不是被吃的那筐。

(2) 使用上述方法，最多需要称两次就可以找出被吃的那筐。

(3) 不，无法保证在两次称重中找出被吃的那筐。因为被吃的那筐的重量没有给出，我们无法确定它是轻于还是重于其他筐。

(4) 如果天平两边各放4筐进行一次称重，无法保证找出被吃的那筐。因为无论称重的结果如何，我们无法确定被吃的那筐在哪一边。",不通过,（2）使用上述方法，最多需要称四次就可以找出被吃的那筐。（3）能,0
3,我和爸爸现在的年龄的和是44岁，3年后爸爸比小明大24岁，你知道今年小明和爸爸各多少岁吗?,"设小明的年龄为x岁，爸爸的年龄为y岁。

根据题目中的信息，我们可以列出以下方程组：
1. x + y = 44 （我和爸爸现在的年龄和是44岁）
2. y + 3 = x + 24 （3年后爸爸比小明大24岁）

我们可以解这个方程组来求解小明和爸爸各自的年龄。

将方程2中的x代入方程1中，得到：
y + 3 + y = 44
2y + 3 = 44
2y = 41
y = 20.5

将y的值代入方程1中，得到：
x + 20.5 = 44
x = 23.5

所以，今年小明的年龄是23.5岁，爸爸的年龄是20.5岁。请注意，由于年龄是整数，所以这里的年龄是近似值。",不通过,今年小明的年龄是11.5岁，爸爸的年龄是32.5岁,0
4,"有15盒饼干,其中的14盒质量相同,另有1盒少了几块。如果能用天平称，至少称几次可以保证找出这盒饼干?","如果能用天平称，至少需要称一次就可以找出这盒饼干。

首先，将任意两盒饼干放在天平的两边进行称重。
- 如果平衡，说明被称量的两盒饼干中没有少块的那盒。
- 如果不平衡，说明被称量的两盒饼干中的较轻的那盒就是少块的那盒。

因为只有1盒饼干少了几块，所以在一次称重中就可以找出这盒饼干。",不通过,"如果能用天平称，至少需要称三次就可
以找出这盒饼干。",0
5,"1箱糖果有12袋，其中11袋质量相同，另有1袋质量不足,轻一些。至少称几次能保证找出这袋糖果来?","如果只能用天平称，至少需要称两次才能保证找出这袋糖果。

首先，将箱中的糖果分成两堆，每堆各放6袋糖果。
- 如果两堆的质量相等，说明被称量的两堆糖果中没有质量不足的那袋。
- 如果两堆的质量不相等，说明被称量的两堆糖果中的较轻的那堆里就包含质量不足的那袋。

接下来，将较轻的那堆糖果继续分成两堆，每堆各放3袋糖果。
- 如果两堆的质量相等，说明被称量的两堆糖果中没有质量不足的那袋。
- 如果两堆的质量不相等，说明被称量的两堆糖果中的较轻的那堆里就包含质量不足的那袋。

通过这样的称重方式，最多需要称两次就可以找出质量不足的那袋糖果。",不通过,如果只能用天平称，至少需要称三次才能保证找出这袋糖果。,0
6,"有3袋白糖，其中2袋每袋500 g，另1袋不是500 g,但不知道比500 g重还是轻。你能用天平找出来吗?","很抱歉，根据提供的信息，无法通过天平找出不是500g的那袋白糖。

如果我们只有两个已知重量的糖袋，而不知道第三袋是重还是轻，无法通过天平的比较来确定第三袋的重量。在这种情况下，我们需要有一个已知的参照物或者更多的已知重量来进行比较才能找出不同的那袋白糖。

如果您能提供更多的信息或者有其他已知重量的物品来进行比较，我可以帮您找到不是500g的那袋白糖。",不通过,能通过天平找出不是500g的那袋白糖。,0
