question,answer,机器回答通过与否,原因及正确解答,满意度
小亮家到学校大约1.3km 他每天往返两次 他每天走多少千米？他周一到周五共走多少千米？,小亮每天往返两次，也就是说他一天要走1.3km * 2 = 2.6km。小亮周一到周五共走的距离为2.6km * 5 = 13km。所以，小亮每天走2.6km，周一到周五共走13km。,通过,,8
2台同样的抽水机同时工作，3小时可以浇地1.2公顷。照这样计算，一台抽水机每小时可以浇地多少公顷？
,两台抽水机同时工作，3小时可以浇地1.2公顷。那么一台抽水机在3小时内可以浇地1.2/2 = 0.6公顷。所以一台抽水机每小时可以浇地0.6/3 = 0.2公顷。,通过,,8
一条高速公路长288km。一辆客车3小时行驶完全程，一辆货车3.6小时，行驶完全程。客车的平均速度比货车的平均速度快多少？
,客车行驶完全程288km需要3小时，所以客车的平均速度为288/3 = 96 km/h。货车行驶完全程288km需要3.6小时，
所以货车的平均速度为288/3.6 = 80 km/h。客车的平均速度比货车的平均速度快96 - 80 = 16 km/h。所以客车的平均速度比货车的平均速度快16 km/h。,通过,,8
一个林场用喷雾器给树喷药，3台喷雾器4小时喷了300棵。照这样计算，一台喷雾器每小时可以喷多少棵？,
三台喷雾器一共喷了300棵树，用了4小时。那么每台喷雾器在4小时内喷药的数量为300/3 = 100棵树。所以一台喷雾器每小时可以喷100/4 = 25棵树。因此，一台喷雾器每小时可以喷25棵树。
",未通过,"300棵/4小时 = 75棵，这是三台喷雾器每小时喷树的数量，一台喷雾器喷树的数量，应当75/3=25树，所以一台喷雾器每小时可以喷25棵树",0
